{
  "type": "minecraft:chest",
  "pools": [
    {
      "rolls": {
        "min": 4,
        "max": 6
      },
      "entries": [
        {
          "type": "minecraft:item",
          "name": "minecraft:potion",
          "functions": [
            {
              "function": "minecraft:set_nbt",
              "tag": "{CustomPotionEffects:[{Id:31b,Amplifier:4b,Duration:400}],CustomPotionColor:7872158}"
            }
          ]
        },
        {
          "type": "minecraft:item",
          "name": "minecraft:splash_potion",
          "functions": [
            {
              "function": "minecraft:set_nbt",
              "tag": "{CustomPotionEffects:[{Id:2b,Amplifier:0b,Duration:400},{Id:18b,Amplifier:0b,Duration:400},{Id:19b,Amplifier:0b,Duration:400},{Id:20b,Amplifier:0b,Duration:400},{Id:25b,Amplifier:0b,Duration:400}],CustomPotionColor:7872158}"
            }
          ]
        },
        {
          "type": "minecraft:item",
          "name": "minecraft:potion",
          "functions": [
            {
              "function": "minecraft:set_nbt",
              "tag": "{CustomPotionEffects:[{Id:3b,Amplifier:0b,Duration:1200},{Id:5b,Amplifier:0b,Duration:1200},{Id:8b,Amplifier:0b,Duration:1200},{Id:10b,Amplifier:0b,Duration:1200},{Id:11b,Amplifier:0b,Duration:1200},{Id:12b,Amplifier:0b,Duration:1200}],CustomPotionColor:7872158}"
            }
          ]
        },
        {
          "type": "minecraft:item",
          "name": "minecraft:potion",
          "functions": [
            {
              "function": "minecraft:set_nbt",
              "tag": "{CustomPotionEffects:[{Id:7b,Amplifier:2b,Duration:1},{Id:21b,Amplifier:2b,Duration:2400}],CustomPotionColor:7872158}"
            }
          ]
        },
        {
          "type": "minecraft:item",
          "name": "minecraft:potion",
          "functions": [
            {
              "function": "minecraft:set_nbt",
              "tag": "{CustomPotionEffects:[{Id:2b,Amplifier:1b,Duration:1200},{Id:3b,Amplifier:3b,Duration:4800}],CustomPotionColor:7872158}"
            }
          ]
        },
        {
          "type": "minecraft:item",
          "name": "minecraft:lingering_potion",
          "functions": [
            {
              "function": "minecraft:set_nbt",
              "tag": "{CustomPotionEffects:[{Id:25b,Amplifier:3b,Duration:400}],CustomPotionColor:7872158}"
            },
            {
              "function": "minecraft:set_count",
              "count": {
                "min": 1,
                "max": 2
              }
            }
          ]
        },
        {
          "type": "minecraft:item",
          "name": "minecraft:potion",
          "functions": [
            {
              "function": "minecraft:set_nbt",
              "tag": "{CustomPotionEffects:[{Id:2b,Amplifier:2b,Duration:1200},{Id:5b,Amplifier:0b,Duration:1200},{Id:17b,Amplifier:5b,Duration:2400}],Potion:\"minecraft:strength\"}"
            }
          ]
        },
        {
          "type": "minecraft:item",
          "name": "minecraft:splash_potion",
          "functions": [
            {
              "function": "minecraft:set_nbt",
              "tag": "{CustomPotionEffects:[{Id:19b,Amplifier:4b,Duration:800},{Id:20b,Amplifier:4b,Duration:200}],CustomPotionColor:0}"
            },
            {
              "function": "minecraft:set_count",
              "count": {
                "min": 1,
                "max": 2
              }
            }
          ]
        },
        {
          "type": "minecraft:item",
          "name": "minecraft:splash_potion",
          "functions": [
            {
              "function": "minecraft:set_count",
              "count": {
                "min": 1,
                "max": 4
              }
            },
            {
              "function": "minecraft:set_nbt",
              "tag": "{Potion:\"minecraft:strong_healing\"}"
            }
          ]
        }
      ]
    },
    {
      "rolls": {
        "min": 1,
        "max": 2
      },
      "entries": [
        {
          "type": "minecraft:item",
          "weight": 20,
          "name": "minecraft:gold_ingot",
          "functions": [
            {
              "function": "minecraft:set_count",
              "count": {
                "min": 1,
                "max": 12
              }
            }
          ]
        },
        {
          "type": "minecraft:item",
          "weight": 40,
          "name": "minecraft:golden_carrot",
          "functions": [
            {
              "function": "minecraft:set_count",
              "count": {
                "min": 2,
                "max": 8
              }
            }
          ]
        },
        {
          "type": "minecraft:item",
          "weight": 20,
          "name": "minecraft:golden_apple",
          "functions": [
            {
              "function": "minecraft:set_count",
              "count": {
                "min": 1,
                "max": 2
              }
            }
          ]
        }
      ]
    },
    {
      "rolls": 1,
      "entries": [
        {
          "type": "minecraft:loot_table",
          "name": "minecraft:chests/nether_bridge"
        }
      ]
    }
  ]
}
